{
  "2D": 16960.0070028305,
  "3D": 1821.13299965858,
  "Asset Store": 86.6099998950958,
  "Editor": 51609.3689990045,
  "Game": 6657.30099654198,
  "Script": 26084.3180000783
}