{
  "2D": 10092.7199997902,
  "3D": 1817.14899969101,
  "Asset Store": 67.0179998874664,
  "Editor": 28529.0890009403,
  "Game": 3324.6229994297,
  "Script": 13227.579002142
}