{
  "2D": 20818.8840010166,
  "3D": 1821.13299965858,
  "Asset Store": 86.6099998950958,
  "Editor": 58432.0559973717,
  "Game": 7370.16299629212,
  "Script": 28335.2660005093
}