{
  "2D": 3212.2389998436,
  "3D": 986.635000467301,
  "Editor": 8249.22600054741,
  "Game": 631.826000213623,
  "Script": 3418.52600002289
}