{
  "2D": 5822.94499993325,
  "3D": 1743.14899992943,
  "Asset Store": 67.0179998874664,
  "Editor": 21067.8600008488,
  "Game": 3005.06999921799,
  "Script": 10429.6780018807
}