{
  "2D": 5019.14300012589,
  "3D": 1720.80799984932,
  "Asset Store": 21.0179998874664,
  "Editor": 15081.4210007191,
  "Game": 2151.73499941826,
  "Script": 6169.74100136757
}