{
  "2D": 4444.58599972725,
  "3D": 1702.80400013924,
  "Editor": 12501.373000145,
  "Game": 2038.28900027275,
  "Script": 4315.69400000572
}