{
  "2D": 7263.51099944115,
  "3D": 1817.14899969101,
  "Asset Store": 67.0179998874664,
  "Editor": 25458.3310008049,
  "Game": 3205.05299973488,
  "Script": 13105.6000020504
}