{
  "2D": 16211.4900021553,
  "3D": 1821.13299965858,
  "Asset Store": 86.6099998950958,
  "Editor": 43058.435999632,
  "Game": 5316.62999749184,
  "Script": 19622.5730004311
}