{
  "2D": 2853.22999978065,
  "3D": 76.0080001354218,
  "Editor": 6748.8170003891,
  "Game": 495.207000255585,
  "Script": 3324.37200021744
}