{
  "2D": 3791.82699942589,
  "3D": 1701.25400018692,
  "Editor": 11102.1089997292,
  "Game": 1934.74900007248,
  "Script": 3674.27900004387
}