{
  "2D": 16812.3390021324,
  "3D": 1821.13299965858,
  "Asset Store": 86.6099998950958,
  "Editor": 49845.5049991609,
  "Game": 6274.44899678231,
  "Script": 24850.9740006925
}